{
  "_generated": "Generated by SweetTooth, do not edit",
  "description": "Wallpaper slideshow extension for GNOME. Optionally downloads BING wallpaper of the day.\n Automatically changes the wallpaper at a user defined interval.",
  "donations": {
    "buymeacoffee": "azaech",
    "paypal": "azaech"
  },
  "gettext-domain": "azwallpaper",
  "name": "Wallpaper Slideshow",
  "settings-schema": "org.gnome.shell.extensions.azwallpaper",
  "shell-version": [
    "45",
    "46",
    "47",
    "48",
    "49"
  ],
  "url": "https://gitlab.com/AndrewZaech/azwallpaper",
  "uuid": "azwallpaper@azwallpaper.gitlab.com",
  "version": 16,
  "version-name": "13.3"
}