{
  "_generated": "Generated by SweetTooth, do not edit",
  "description": "Allows customization of the date display in the panel.\n\nMight be especially useful if you're using a horizontal panel which does not at all work well with the default date display.\n\nCHANGELOG\nVersion 5: added support for multiple Dash To Panel panels\nVersion 6: fixed issues on earlier Gnome Shell versions\nVersion 10: fixed clock hover style (by bomdia)\nVersion 11: Gnome 45 update by andyholmes@github\nVersion 12: added support for advanced formatters by bomdia@github\nVersion 15: added text alignment choice by bomdia@github",
  "gettext-domain": "date-menu-formatter",
  "name": "Date Menu Formatter",
  "settings-schema": "org.gnome.shell.extensions.date-menu-formatter",
  "shell-version": [
    "45",
    "46",
    "47",
    "48",
    "49"
  ],
  "url": "https://github.com/marcinjakubowski/date-menu-formatter",
  "uuid": "date-menu-formatter@marcinjakubowski.github.com",
  "version": 18
}