<schemalist gettext-domain="date-menu-formatter">
  <schema id="org.gnome.shell.extensions.date-menu-formatter"
      path="/org/gnome/shell/extensions/date-menu-formatter/">
    <key type="s" name="formatter">
        <default>"01_luxon"</default>
        <summary>Date formatter</summary>
        <description></description>
    </key>
    <key type="s" name="pattern">
        <default>"EEE, MMM d  H : mm"</default>
        <summary>Date format pattern</summary>
        <description></description>
    </key>
    <key type="s" name="custom-locale">
        <default>""</default>
        <summary>Custom locale</summary>
        <description></description>
    </key>        
    <key type="b" name="use-default-locale">
        <default>true</default>
        <summary>Should default system locale be used</summary>
        <description></description>
    </key>
    <key type="s" name="custom-calendar">
        <default>""</default>
        <summary>Custom Calendar</summary>
        <description></description>
    </key>
    <key type="b" name="use-default-calendar">
        <default>true</default>
        <summary>Should default calendar be used</summary>
        <description></description>
    </key>   
    <key type="s" name="custom-timezone">
        <default>""</default>
        <summary>Custom timezone</summary>
        <description></description>
    </key>        
    <key type="b" name="use-default-timezone">
        <default>true</default>
        <summary>Should default system timezone be used</summary>
        <description></description>
    </key>    
    <key type="b" name="remove-messages-indicator">
        <default>false</default>
        <summary>Should unread messages indicator be removed</summary>
        <description></description>
    </key>    
    <key type="b" name="apply-all-panels">
        <default>false</default>
        <summary>Should extension modify all Dash To Panel panels</summary>
        <description></description>
    </key>        
    <key type="i" name="font-size">
        <default>10</default>
        <summary>Font size</summary>
        <description></description>
    </key> 
    <key type="i" name="update-level">
        <default>1</default>
        <summary>Update Clock Every</summary>
        <description>
            0 = every minute
            1 = every seconds
            2 = 2 time in a second
            3 = 3 time in a second
            4 = 4 time in a second
            5 = 5 time in a second
            6 = 6 time in a second
            7 = 7 time in a second
            8 = 8 time in a second
            9 = 9 time in a second
            10 = 10 time in a second
            11 = 11 time in a second
            12 = 12 time in a second
            13 = 13 time in a second
            14 = 14 time in a second
            15 = 15 time in a second
        </description>
    </key>
    <key type="s" name="text-align">
        <default>"center"</default>
        <summary>Align the label</summary>
        <description>
            left
            center
            right
        </description>
    </key>     
  </schema>
</schemalist>
